comicsNumberInPages,comicsID,comicsName,comicsLink,comicsCover
1,10-years-to-death-2021,10 Years to Death (2021),https://readcomicsonline.ru/comic/10-years-to-death-2021,https://readcomicsonline.ru/uploads/manga/10-years-to-death-2021/cover/cover_250x350.jpg
2,1000-storms-2021,1000 Storms (2021-),https://readcomicsonline.ru/comic/1000-storms-2021,https://readcomicsonline.ru/uploads/manga/1000-storms-2021/cover/cover_250x350.jpg
3,1001-arabian-nights-the-adventures-of-sinbad-2009,1001 Arabian Nights: The Adventures of Sinbad (2009-),https://readcomicsonline.ru/comic/1001-arabian-nights-the-adventures-of-sinbad-2009,https://readcomicsonline.ru/uploads/manga/1001-arabian-nights-the-adventures-of-sinbad-2009/cover/cover_250x350.jpg
4,1984-the-graphic-novel-2021,1984: The Graphic Novel (2021),https://readcomicsonline.ru/comic/1984-the-graphic-novel-2021,https://readcomicsonline.ru/uploads/manga/1984-the-graphic-novel-2021/cover/cover_250x350.jpg
5,1985-black-hole-repo-2017,1985: Black Hole Repo (2017),https://readcomicsonline.ru/comic/1985-black-hole-repo-2017,https://readcomicsonline.ru/uploads/manga/1985-black-hole-repo-2017/cover/cover_250x350.jpg
6,2000-ad,2000 AD,https://readcomicsonline.ru/comic/2000-ad,https://readcomicsonline.ru/uploads/manga/2000-ad/cover/cover_250x350.jpg
7,2000ad-judge-dredd-celebrating-40-years,2000AD Judge Dredd Celebrating 40 Years,https://readcomicsonline.ru/comic/2000ad-judge-dredd-celebrating-40-years,https://readcomicsonline.ru/uploads/manga/2000ad-judge-dredd-celebrating-40-years/cover/cover_250x350.jpg
8,2000ad-scifi-special-2020,2000AD Sci-Fi Special (2020),https://readcomicsonline.ru/comic/2000ad-scifi-special-2020,https://readcomicsonline.ru/uploads/manga/2000ad-scifi-special-2020/cover/cover_250x350.jpg
9,2000ad-scifi-special-2021,2000AD Sci-Fi Special (2021),https://readcomicsonline.ru/comic/2000ad-scifi-special-2021,https://readcomicsonline.ru/uploads/manga/2000ad-scifi-special-2021/cover/cover_250x350.jpg
10,2000ad-summer-scifi-special-2022-2022,2000AD Summer Sci-Fi Special 2022 (2022),https://readcomicsonline.ru/comic/2000ad-summer-scifi-special-2022-2022,https://readcomicsonline.ru/uploads/manga/2000ad-summer-scifi-special-2022-2022/cover/cover_250x350.jpg
11,2000ad-villains-special-2020,2000AD Villains Special (2020),https://readcomicsonline.ru/comic/2000ad-villains-special-2020,https://readcomicsonline.ru/uploads/manga/2000ad-villains-special-2020/cover/cover_250x350.jpg
12,2020-force-works-2020,2020 Force Works (2020),https://readcomicsonline.ru/comic/2020-force-works-2020,https://readcomicsonline.ru/uploads/manga/2020-force-works-2020/cover/cover_250x350.jpg
13,2020-iron-age-2020,2020 Iron Age (2020-),https://readcomicsonline.ru/comic/2020-iron-age-2020,https://readcomicsonline.ru/uploads/manga/2020-iron-age-2020/cover/cover_250x350.jpg
14,2020-ironheart-2020,2020 Ironheart (2020),https://readcomicsonline.ru/comic/2020-ironheart-2020,https://readcomicsonline.ru/uploads/manga/2020-ironheart-2020/cover/cover_250x350.jpg
15,2020-iwolverine-2020,2020 iWolverine (2020),https://readcomicsonline.ru/comic/2020-iwolverine-2020,https://readcomicsonline.ru/uploads/manga/2020-iwolverine-2020/cover/cover_250x350.jpg
16,2020-machine-man-2020,2020 Machine Man (2020),https://readcomicsonline.ru/comic/2020-machine-man-2020,https://readcomicsonline.ru/uploads/manga/2020-machine-man-2020/cover/cover_250x350.jpg
17,2020-rescue-2020,2020 Rescue (2020),https://readcomicsonline.ru/comic/2020-rescue-2020,https://readcomicsonline.ru/uploads/manga/2020-rescue-2020/cover/cover_250x350.jpg
18,2099-alpha-2019,2099 Alpha (2019),https://readcomicsonline.ru/comic/2099-alpha-2019,https://readcomicsonline.ru/uploads/manga/2099-alpha-2019/cover/cover_250x350.jpg
19,2099-omega-2019,2099 Omega (2019),https://readcomicsonline.ru/comic/2099-omega-2019,https://readcomicsonline.ru/uploads/manga/2099-omega-2019/cover/cover_250x350.jpg
20,20th-century-men-2022,20th Century Men (2022-),https://readcomicsonline.ru/comic/20th-century-men-2022,https://readcomicsonline.ru/uploads/manga/20th-century-men-2022/cover/cover_250x350.jpg
21,20xx-2019,20XX (2019-),https://readcomicsonline.ru/comic/20xx-2019,https://readcomicsonline.ru/uploads/manga/20xx-2019/cover/cover_250x350.jpg
22,20xx-transport-2022,20XX: Transport (2022-),https://readcomicsonline.ru/comic/20xx-transport-2022,https://readcomicsonline.ru/uploads/manga/20xx-transport-2022/cover/cover_250x350.jpg
23,24-legacy-rules-of-engagement-2017,24 Legacy Rules Of Engagement (2017),https://readcomicsonline.ru/comic/24-legacy-rules-of-engagement-2017,https://readcomicsonline.ru/uploads/manga/24-legacy-rules-of-engagement-2017/cover/cover_250x350.jpg
24,24-panels-2022,24 Panels (2022),https://readcomicsonline.ru/comic/24-panels-2022,https://readcomicsonline.ru/uploads/manga/24-panels-2022/cover/cover_250x350.jpg
25,3-floyds-alpha-king-2016,3 Floyds: Alpha King (2016),https://readcomicsonline.ru/comic/3-floyds-alpha-king-2016,https://readcomicsonline.ru/uploads/manga/3-floyds-alpha-king-2016/cover/cover_250x350.jpg
26,30-days-of-night-2017,30 Days Of Night (2017-),https://readcomicsonline.ru/comic/30-days-of-night-2017,https://readcomicsonline.ru/uploads/manga/30-days-of-night-2017/cover/cover_250x350.jpg
27,3keys-2022,3Keys (2022-),https://readcomicsonline.ru/comic/3keys-2022,https://readcomicsonline.ru/uploads/manga/3keys-2022/cover/cover_250x350.jpg
28,4-kids-walk-into-a-bank-2016,4 Kids Walk Into A Bank (2016-),https://readcomicsonline.ru/comic/4-kids-walk-into-a-bank-2016,https://readcomicsonline.ru/uploads/manga/4-kids-walk-into-a-bank-2016/cover/cover_250x350.jpg
29,4001-ad-2016-tpb,4001 A.D. (2016) (TPB),https://readcomicsonline.ru/comic/4001-ad-2016-tpb,https://readcomicsonline.ru/uploads/manga/4001-ad-2016-tpb/cover/cover_250x350.jpg
30,4001-ad-war-mother-2017,4001 A.D.: War Mother (2017),https://readcomicsonline.ru/comic/4001-ad-war-mother-2017,https://readcomicsonline.ru/uploads/manga/4001-ad-war-mother-2017/cover/cover_250x350.jpg
31,47-ronin-2021,47 Ronin (2021),https://readcomicsonline.ru/comic/47-ronin-2021,https://readcomicsonline.ru/uploads/manga/47-ronin-2021/cover/cover_250x350.jpg
32,7174-2022,7174 (2022-),https://readcomicsonline.ru/comic/7174-2022,https://readcomicsonline.ru/uploads/manga/7174-2022/cover/cover_250x350.jpg
33,7174-presents-2022,7174 Presents (2022-),https://readcomicsonline.ru/comic/7174-presents-2022,https://readcomicsonline.ru/uploads/manga/7174-presents-2022/cover/cover_250x350.jpg
34,8house-arclight-2015,8house: Arclight (2015-),https://readcomicsonline.ru/comic/8house-arclight-2015,https://readcomicsonline.ru/uploads/manga/8house-arclight-2015/cover/cover_250x350.jpg
35,920london-2020,920London (2020),https://readcomicsonline.ru/comic/920london-2020,https://readcomicsonline.ru/uploads/manga/920london-2020/cover/cover_250x350.jpg
36,a-calculated-man-2022,A Calculated Man (2022-),https://readcomicsonline.ru/comic/a-calculated-man-2022,https://readcomicsonline.ru/uploads/manga/a-calculated-man-2022/cover/cover_250x350.jpg
37,a-christmas-carol-a-ghost-story-2022,A Christmas Carol: A Ghost Story (2022),https://readcomicsonline.ru/comic/a-christmas-carol-a-ghost-story-2022,https://readcomicsonline.ru/uploads/manga/a-christmas-carol-a-ghost-story-2022/cover/cover_250x350.jpg
38,a-fractured-mind-2017,A Fractured Mind (2017),https://readcomicsonline.ru/comic/a-fractured-mind-2017,https://readcomicsonline.ru/uploads/manga/a-fractured-mind-2017/cover/cover_250x350.jpg
39,a-house-without-windows-2021,A House Without Windows (2021),https://readcomicsonline.ru/comic/a-house-without-windows-2021,https://readcomicsonline.ru/uploads/manga/a-house-without-windows-2021/cover/cover_250x350.jpg
40,a-land-called-tarot-2017,A Land Called Tarot (2017),https://readcomicsonline.ru/comic/a-land-called-tarot-2017,https://readcomicsonline.ru/uploads/manga/a-land-called-tarot-2017/cover/cover_250x350.jpg
41,a-lapse-in-judgment-2020,A Lapse in Judgment (2020),https://readcomicsonline.ru/comic/a-lapse-in-judgment-2020,https://readcomicsonline.ru/uploads/manga/a-lapse-in-judgment-2020/cover/cover_250x350.jpg
42,a-man-among-ye-2020,A Man Among Ye (2020-),https://readcomicsonline.ru/comic/a-man-among-ye-2020,https://readcomicsonline.ru/uploads/manga/a-man-among-ye-2020/cover/cover_250x350.jpg
43,a-mans-skin-2021,A Man's Skin (2021-),https://readcomicsonline.ru/comic/a-mans-skin-2021,https://readcomicsonline.ru/uploads/manga/a-mans-skin-2021/cover/cover_250x350.jpg
44,a-radical-shift-of-gravity-2020,A Radical Shift of Gravity (2020),https://readcomicsonline.ru/comic/a-radical-shift-of-gravity-2020,https://readcomicsonline.ru/uploads/manga/a-radical-shift-of-gravity-2020/cover/cover_250x350.jpg
45,a-report-to-an-academy-2022,A Report to an Academy (2022),https://readcomicsonline.ru/comic/a-report-to-an-academy-2022,https://readcomicsonline.ru/uploads/manga/a-report-to-an-academy-2022/cover/cover_250x350.jpg
46,a-righteous-thirst-for-vengeance-2021,A Righteous Thirst For Vengeance (2021-),https://readcomicsonline.ru/comic/a-righteous-thirst-for-vengeance-2021,https://readcomicsonline.ru/uploads/manga/a-righteous-thirst-for-vengeance-2021/cover/cover_250x350.jpg
47,a-spark-within-the-forge-an-ember-in-the-ashes-2022,A Spark Within the Forge: An Ember in the Ashes (2022),https://readcomicsonline.ru/comic/a-spark-within-the-forge-an-ember-in-the-ashes-2022,https://readcomicsonline.ru/uploads/manga/a-spark-within-the-forge-an-ember-in-the-ashes-2022/cover/cover_250x350.jpg
48,a-sparrows-roar-2019,A Sparrow's Roar (2019),https://readcomicsonline.ru/comic/a-sparrows-roar-2019,https://readcomicsonline.ru/uploads/manga/a-sparrows-roar-2019/cover/cover_250x350.jpg
49,a-tale-of-two-arthurs-2020,A Tale of Two Arthurs (2020),https://readcomicsonline.ru/comic/a-tale-of-two-arthurs-2020,https://readcomicsonline.ru/uploads/manga/a-tale-of-two-arthurs-2020/cover/cover_250x350.jpg
50,a-taste-for-blood-2022,A Taste for Blood (2022-),https://readcomicsonline.ru/comic/a-taste-for-blood-2022,https://readcomicsonline.ru/uploads/manga/a-taste-for-blood-2022/cover/cover_250x350.jpg
51,a-thief-among-the-trees-an-ember-in-the-ashes-2020,A Thief Among the Trees: An Ember in the Ashes (2020),https://readcomicsonline.ru/comic/a-thief-among-the-trees-an-ember-in-the-ashes-2020,https://readcomicsonline.ru/uploads/manga/a-thief-among-the-trees-an-ember-in-the-ashes-2020/cover/cover_250x350.jpg
52,a-thing-called-truth-2021,A Thing Called Truth (2021-),https://readcomicsonline.ru/comic/a-thing-called-truth-2021,https://readcomicsonline.ru/uploads/manga/a-thing-called-truth-2021/cover/cover_250x350.jpg
53,a-town-called-terror-2022,A Town Called Terror (2022-),https://readcomicsonline.ru/comic/a-town-called-terror-2022,https://readcomicsonline.ru/uploads/manga/a-town-called-terror-2022/cover/cover_250x350.jpg
54,a-vicious-circle-2022,A Vicious Circle (2022-),https://readcomicsonline.ru/comic/a-vicious-circle-2022,https://readcomicsonline.ru/uploads/manga/a-vicious-circle-2022/cover/cover_250x350.jpg
55,a-walk-through-hell-2018,A Walk Through Hell (2018-),https://readcomicsonline.ru/comic/a-walk-through-hell-2018,https://readcomicsonline.ru/uploads/manga/a-walk-through-hell-2018/cover/cover_250x350.jpg
56,a-womans-voice-2021,A Woman's Voice (2021),https://readcomicsonline.ru/comic/a-womans-voice-2021,https://readcomicsonline.ru/uploads/manga/a-womans-voice-2021/cover/cover_250x350.jpg
57,ad-after-death-2016,A.D. - After Death (2016),https://readcomicsonline.ru/comic/ad-after-death-2016,https://readcomicsonline.ru/uploads/manga/ad-after-death-2016/cover/cover_250x350.jpg
58,axe-xmen-2022,A.X.E. - X-Men (2022-),https://readcomicsonline.ru/comic/axe-xmen-2022,https://readcomicsonline.ru/uploads/manga/axe-xmen-2022/cover/cover_250x350.jpg
59,axe-avengers-2022,A.X.E.: Avengers (2022-),https://readcomicsonline.ru/comic/axe-avengers-2022,https://readcomicsonline.ru/uploads/manga/axe-avengers-2022/cover/cover_250x350.jpg
60,axe-death-to-the-mutants-2022,A.X.E.: Death to the Mutants (2022-),https://readcomicsonline.ru/comic/axe-death-to-the-mutants-2022,https://readcomicsonline.ru/uploads/manga/axe-death-to-the-mutants-2022/cover/cover_250x350.jpg
61,axe-eternals-2022,A.X.E.: Eternals (2022-),https://readcomicsonline.ru/comic/axe-eternals-2022,https://readcomicsonline.ru/uploads/manga/axe-eternals-2022/cover/cover_250x350.jpg
62,axe-eve-of-judgment-2022,A.X.E.: Eve of Judgment (2022-),https://readcomicsonline.ru/comic/axe-eve-of-judgment-2022,https://readcomicsonline.ru/uploads/manga/axe-eve-of-judgment-2022/cover/cover_250x350.jpg
63,axe-iron-fist-2022,A.X.E.: Iron Fist (2022-),https://readcomicsonline.ru/comic/axe-iron-fist-2022,https://readcomicsonline.ru/uploads/manga/axe-iron-fist-2022/cover/cover_250x350.jpg
64,axe-judgment-day-2022,A.X.E.: Judgment Day (2022-),https://readcomicsonline.ru/comic/axe-judgment-day-2022,https://readcomicsonline.ru/uploads/manga/axe-judgment-day-2022/cover/cover_250x350.jpg
65,axe-judgment-day-omega-2022,A.X.E.: Judgment Day Omega (2022-),https://readcomicsonline.ru/comic/axe-judgment-day-omega-2022,https://readcomicsonline.ru/uploads/manga/axe-judgment-day-omega-2022/cover/cover_250x350.jpg
66,axe-starfox-2022,A.X.E.: Starfox (2022-),https://readcomicsonline.ru/comic/axe-starfox-2022,https://readcomicsonline.ru/uploads/manga/axe-starfox-2022/cover/cover_250x350.jpg
67,aa-the-adventures-of-archer-armstrong-2016,A&A - The Adventures of Archer & Armstrong (2016-),https://readcomicsonline.ru/comic/aa-the-adventures-of-archer-armstrong-2016,https://readcomicsonline.ru/uploads/manga/aa-the-adventures-of-archer-armstrong-2016/cover/cover_250x350.jpg
68,ab-irato-2017,Ab Irato (2017),https://readcomicsonline.ru/comic/ab-irato-2017,https://readcomicsonline.ru/uploads/manga/ab-irato-2017/cover/cover_250x350.jpg
69,abbott-2018,Abbott (2018),https://readcomicsonline.ru/comic/abbott-2018,https://readcomicsonline.ru/uploads/manga/abbott-2018/cover/cover_250x350.jpg
70,abbott-1973-2021,Abbott: 1973 (2021-),https://readcomicsonline.ru/comic/abbott-1973-2021,https://readcomicsonline.ru/uploads/manga/abbott-1973-2021/cover/cover_250x350.jpg
71,aberrant-2018,Aberrant (2018-),https://readcomicsonline.ru/comic/aberrant-2018,https://readcomicsonline.ru/uploads/manga/aberrant-2018/cover/cover_250x350.jpg
72,aberrant-season-2-2019,Aberrant Season 2 (2019-),https://readcomicsonline.ru/comic/aberrant-season-2-2019,https://readcomicsonline.ru/uploads/manga/aberrant-season-2-2019/cover/cover_250x350.jpg
73,about-bettys-boob-2018,About Betty's Boob (2018),https://readcomicsonline.ru/comic/about-bettys-boob-2018,https://readcomicsonline.ru/uploads/manga/about-bettys-boob-2018/cover/cover_250x350.jpg
74,above-snakes-2022,Above Snakes (2022-),https://readcomicsonline.ru/comic/above-snakes-2022,https://readcomicsonline.ru/uploads/manga/above-snakes-2022/cover/cover_250x350.jpg
75,abraham-lincoln-civil-war-president-2021,Abraham Lincoln: Civil War President (2021),https://readcomicsonline.ru/comic/abraham-lincoln-civil-war-president-2021,https://readcomicsonline.ru/uploads/manga/abraham-lincoln-civil-war-president-2021/cover/cover_250x350.jpg
76,absolute-carnage-2019,Absolute Carnage (2019),https://readcomicsonline.ru/comic/absolute-carnage-2019,https://readcomicsonline.ru/uploads/manga/absolute-carnage-2019/cover/cover_250x350.jpg
77,absolute-carnage-vs-deadpool-2019,Absolute Carnage vs. Deadpool (2019),https://readcomicsonline.ru/comic/absolute-carnage-vs-deadpool-2019,https://readcomicsonline.ru/uploads/manga/absolute-carnage-vs-deadpool-2019/cover/cover_250x350.jpg
78,absolute-carnage-avengers-2019,Absolute Carnage: Avengers (2019),https://readcomicsonline.ru/comic/absolute-carnage-avengers-2019,https://readcomicsonline.ru/uploads/manga/absolute-carnage-avengers-2019/cover/cover_250x350.jpg
79,absolute-carnage-captain-marvel-2019,Absolute Carnage: Captain Marvel (2019),https://readcomicsonline.ru/comic/absolute-carnage-captain-marvel-2019,https://readcomicsonline.ru/uploads/manga/absolute-carnage-captain-marvel-2019/cover/cover_250x350.jpg
80,absolute-carnage-immortal-hulk-2019,Absolute Carnage: Immortal Hulk (2019),https://readcomicsonline.ru/comic/absolute-carnage-immortal-hulk-2019,https://readcomicsonline.ru/uploads/manga/absolute-carnage-immortal-hulk-2019/cover/cover_250x350.jpg
81,absolute-carnage-lethal-protectors-2019,Absolute Carnage: Lethal Protectors (2019),https://readcomicsonline.ru/comic/absolute-carnage-lethal-protectors-2019,https://readcomicsonline.ru/uploads/manga/absolute-carnage-lethal-protectors-2019/cover/cover_250x350.jpg
82,absolute-carnage-miles-morales-2019,Absolute Carnage: Miles Morales (2019),https://readcomicsonline.ru/comic/absolute-carnage-miles-morales-2019,https://readcomicsonline.ru/uploads/manga/absolute-carnage-miles-morales-2019/cover/cover_250x350.jpg
83,absolute-carnage-scream-2019,Absolute Carnage: Scream (2019),https://readcomicsonline.ru/comic/absolute-carnage-scream-2019,https://readcomicsonline.ru/uploads/manga/absolute-carnage-scream-2019/cover/cover_250x350.jpg
84,absolute-carnage-separation-anxiety-2019,Absolute Carnage: Separation Anxiety (2019),https://readcomicsonline.ru/comic/absolute-carnage-separation-anxiety-2019,https://readcomicsonline.ru/uploads/manga/absolute-carnage-separation-anxiety-2019/cover/cover_250x350.jpg
85,absolute-carnage-symbiote-of-vengeance-2019,Absolute Carnage: Symbiote Of Vengeance (2019),https://readcomicsonline.ru/comic/absolute-carnage-symbiote-of-vengeance-2019,https://readcomicsonline.ru/uploads/manga/absolute-carnage-symbiote-of-vengeance-2019/cover/cover_250x350.jpg
86,absolute-carnage-symbiote-spiderman-2019-,Absolute Carnage: Symbiote Spider-Man (2019),https://readcomicsonline.ru/comic/absolute-carnage-symbiote-spiderman-2019-,https://readcomicsonline.ru/uploads/manga/absolute-carnage-symbiote-spiderman-2019-/cover/cover_250x350.jpg
87,absolute-carnage-weapon-plus-2019,Absolute Carnage: Weapon Plus (2019),https://readcomicsonline.ru/comic/absolute-carnage-weapon-plus-2019,https://readcomicsonline.ru/uploads/manga/absolute-carnage-weapon-plus-2019/cover/cover_250x350.jpg
88,absolution-2022,Absolution (2022-),https://readcomicsonline.ru/comic/absolution-2022,https://readcomicsonline.ru/uploads/manga/absolution-2022/cover/cover_250x350.jpg
89,accell-2017,Accell (2017),https://readcomicsonline.ru/comic/accell-2017,https://readcomicsonline.ru/uploads/manga/accell-2017/cover/cover_250x350.jpg
90,accidents-and-old-lace-and-other-stories-2020,Accidents and Old Lace and Other Stories (2020),https://readcomicsonline.ru/comic/accidents-and-old-lace-and-other-stories-2020,https://readcomicsonline.ru/uploads/manga/accidents-and-old-lace-and-other-stories-2020/cover/cover_250x350.jpg
91,action-comics-20112016,Action Comics (2011-2016) (New 52),https://readcomicsonline.ru/comic/action-comics-20112016,https://readcomicsonline.ru/uploads/manga/action-comics-20112016/cover/cover_250x350.jpg
92,action-comics-2016,Action Comics (2016-),https://readcomicsonline.ru/comic/action-comics-2016,https://readcomicsonline.ru/uploads/manga/action-comics-2016/cover/cover_250x350.jpg
93,action-comics-special-2018,Action Comics Special (2018),https://readcomicsonline.ru/comic/action-comics-special-2018,https://readcomicsonline.ru/uploads/manga/action-comics-special-2018/cover/cover_250x350.jpg
94,action-lab-dog-of-wonder-2016,Action Lab: Dog of Wonder (2016-),https://readcomicsonline.ru/comic/action-lab-dog-of-wonder-2016,https://readcomicsonline.ru/uploads/manga/action-lab-dog-of-wonder-2016/cover/cover_250x350.jpg
95,acts-of-vengeance-spiderman-the-xmen-2021,Acts Of Vengeance: Spider-Man & The X-Men (2021),https://readcomicsonline.ru/comic/acts-of-vengeance-spiderman-the-xmen-2021,https://readcomicsonline.ru/uploads/manga/acts-of-vengeance-spiderman-the-xmen-2021/cover/cover_250x350.jpg
96,adam-greens-hatchet-2017,Adam Green's Hatchet (2017-),https://readcomicsonline.ru/comic/adam-greens-hatchet-2017,https://readcomicsonline.ru/uploads/manga/adam-greens-hatchet-2017/cover/cover_250x350.jpg
97,adam-greens-hatchet-vengeance-2018,Adam Green's Hatchet: Vengeance (2018-),https://readcomicsonline.ru/comic/adam-greens-hatchet-vengeance-2018,https://readcomicsonline.ru/uploads/manga/adam-greens-hatchet-vengeance-2018/cover/cover_250x350.jpg
98,adam-strangefuture-quest-special-2017,Adam Strange/Future Quest Special (2017),https://readcomicsonline.ru/comic/adam-strangefuture-quest-special-2017,https://readcomicsonline.ru/uploads/manga/adam-strangefuture-quest-special-2017/cover/cover_250x350.jpg
99,addams-family-the-bodies-issue-2019,Addams Family: The Bodies Issue (2019),https://readcomicsonline.ru/comic/addams-family-the-bodies-issue-2019,https://readcomicsonline.ru/uploads/manga/addams-family-the-bodies-issue-2019/cover/cover_250x350.jpg
100,adventure-finders-2017,Adventure Finders (2017),https://readcomicsonline.ru/comic/adventure-finders-2017,https://readcomicsonline.ru/uploads/manga/adventure-finders-2017/cover/cover_250x350.jpg
101,adventure-time-2012,Adventure Time (2012-),https://readcomicsonline.ru/comic/adventure-time-2012,https://readcomicsonline.ru/uploads/manga/adventure-time-2012/cover/cover_250x350.jpg
102,adventure-time-2016-spoooktacular,Adventure Time 2016 Spoooktacular,https://readcomicsonline.ru/comic/adventure-time-2016-spoooktacular,https://readcomicsonline.ru/uploads/manga/adventure-time-2016-spoooktacular/cover/cover_250x350.jpg
103,adventure-time-2017-spoooktacular,Adventure Time 2017 SPOookTACULAR,https://readcomicsonline.ru/comic/adventure-time-2017-spoooktacular,https://readcomicsonline.ru/uploads/manga/adventure-time-2017-spoooktacular/cover/cover_250x350.jpg
104,adventure-time-comics-2016,Adventure Time Comics (2016-),https://readcomicsonline.ru/comic/adventure-time-comics-2016,https://readcomicsonline.ru/uploads/manga/adventure-time-comics-2016/cover/cover_250x350.jpg
105,adventure-time-marshall-lee-spectacular-2017,Adventure Time Marshall Lee Spectacular (2017),https://readcomicsonline.ru/comic/adventure-time-marshall-lee-spectacular-2017,https://readcomicsonline.ru/uploads/manga/adventure-time-marshall-lee-spectacular-2017/cover/cover_250x350.jpg
106,adventure-time-season-11-2018,Adventure Time Season 11 (2018-),https://readcomicsonline.ru/comic/adventure-time-season-11-2018,https://readcomicsonline.ru/uploads/manga/adventure-time-season-11-2018/cover/cover_250x350.jpg
107,adventure-time-beginning-of-the-end-2018,Adventure Time: Beginning of the End (2018-),https://readcomicsonline.ru/comic/adventure-time-beginning-of-the-end-2018,https://readcomicsonline.ru/uploads/manga/adventure-time-beginning-of-the-end-2018/cover/cover_250x350.jpg
108,adventure-time-bmo-bonanza-2018,Adventure Time: BMO Bonanza (2018-),https://readcomicsonline.ru/comic/adventure-time-bmo-bonanza-2018,https://readcomicsonline.ru/uploads/manga/adventure-time-bmo-bonanza-2018/cover/cover_250x350.jpg
109,adventure-time-marcy-simon-2019,Adventure Time: Marcy & Simon (2019-),https://readcomicsonline.ru/comic/adventure-time-marcy-simon-2019,https://readcomicsonline.ru/uploads/manga/adventure-time-marcy-simon-2019/cover/cover_250x350.jpg
110,adventure-timeregular-show-2017,Adventure Time/Regular Show (2017-),https://readcomicsonline.ru/comic/adventure-timeregular-show-2017,https://readcomicsonline.ru/uploads/manga/adventure-timeregular-show-2017/cover/cover_250x350.jpg
111,adventureman-2020,Adventureman (2020-),https://readcomicsonline.ru/comic/adventureman-2020,https://readcomicsonline.ru/uploads/manga/adventureman-2020/cover/cover_250x350.jpg
112,adventures-of-the-super-sons-2018,Adventures of the Super Sons (2018-),https://readcomicsonline.ru/comic/adventures-of-the-super-sons-2018,https://readcomicsonline.ru/uploads/manga/adventures-of-the-super-sons-2018/cover/cover_250x350.jpg
113,aero-2019,Aero (2019-),https://readcomicsonline.ru/comic/aero-2019,https://readcomicsonline.ru/uploads/manga/aero-2019/cover/cover_250x350.jpg
114,aero-sword-master-origins-and-odysseys-2020,Aero & Sword Master: Origins And Odysseys (2020),https://readcomicsonline.ru/comic/aero-sword-master-origins-and-odysseys-2020,https://readcomicsonline.ru/uploads/manga/aero-sword-master-origins-and-odysseys-2020/cover/cover_250x350.jpg
115,afar-2017,Afar (2017),https://readcomicsonline.ru/comic/afar-2017,https://readcomicsonline.ru/uploads/manga/afar-2017/cover/cover_250x350.jpg
116,afraid-of-everything-2020,Afraid of Everything (2020),https://readcomicsonline.ru/comic/afraid-of-everything-2020,https://readcomicsonline.ru/uploads/manga/afraid-of-everything-2020/cover/cover_250x350.jpg
117,after-eden-2017,After Eden (2017),https://readcomicsonline.ru/comic/after-eden-2017,https://readcomicsonline.ru/uploads/manga/after-eden-2017/cover/cover_250x350.jpg
118,after-the-fall-2021,After the Fall (2021-),https://readcomicsonline.ru/comic/after-the-fall-2021,https://readcomicsonline.ru/uploads/manga/after-the-fall-2021/cover/cover_250x350.jpg
119,afterdark-2021,AfterDark (2021),https://readcomicsonline.ru/comic/afterdark-2021,https://readcomicsonline.ru/uploads/manga/afterdark-2021/cover/cover_250x350.jpg
120,afterschool-2022,Afterschool (2022-),https://readcomicsonline.ru/comic/afterschool-2022,https://readcomicsonline.ru/uploads/manga/afterschool-2022/cover/cover_250x350.jpg
